,A,B,C,D
2000-01-01,1.0020792584638591,-0.7575984795397734,2.196363332566381,0.8417811929773917
2000-01-02,1.2844278068243806,-2.023230910487497,0.5302200767619563,1.5311407663337908
2000-01-03,2.2770696000061736,-2.666679346402134,0.8704032586849175,0.11810810554783924
2000-01-04,1.6509714153687307,-2.0148182500086027,1.5484595844109075,0.4400035695995091
2000-01-05,2.650534017941171,-0.5601002700337048,3.9254521894571264,0.9364255704945217
2000-01-06,1.722987166658864,-1.1126326725692701,4.230415793143545,1.0614501033919714
2000-01-07,0.8160368595403642,-1.7116498490698477,4.686286973706165,0.7727717506855776
2000-01-08,-0.4422777623322185,-1.39739563790318,5.562452766717711,0.5175090417310944
2000-01-09,-1.8475605538891682,-2.844606542533318,6.427573789461671,1.987161853586619
2000-01-10,-4.029092507288599,-3.6824281816824196,7.02760739151649,1.8301917381740465
2000-01-11,-4.332114704372341,-3.7926457503182958,9.031942475709366,1.7567421031811503
2000-01-12,-4.03600226102419,-3.2862268654917255,9.260917712084131,4.259494150183045
2000-01-13,-3.9666780243575253,-1.771901830578402,8.553437534479773,3.118074008427638
2000-01-14,-3.8893960288400544,-2.0572281950889124,9.912038375591006,2.5832145192437026
2000-01-15,-3.6490084863311267,-2.9796883051433674,9.182960891985235,0.5349526459158822
2000-01-16,-4.20528645590345,-4.273977627694973,9.052791903709084,1.8280252886043817
2000-01-17,-3.4226220542875794,-5.7617196014081165,9.314717025078696,0.9720712283050184
2000-01-18,-2.841775444022867,-4.99023752992559,8.437305162709364,-1.0963694182083341
2000-01-19,-2.459773240882992,-5.768750007517706,8.753682744726415,1.4229516500398554
2000-01-20,-1.4231634609503165,-4.927850405886116,7.595601745191416,-0.023376015477562184
2000-01-21,-0.8826555690850978,-6.36575237807128,7.139527730706705,1.7985523451687593
2000-01-22,-1.2867719772009532,-5.1935845614367,8.91679807900038,2.0876236598497515
2000-01-23,-1.4678928156391107,-6.055762968891823,8.882218024810687,1.3209126522803634
2000-01-24,-0.5588619757717759,-7.390036741233791,9.515808688767473,0.32039605556161144
2000-01-25,0.18503335573196789,-9.113641813319955,9.74903493059832,0.9822150837879429
2000-01-26,0.20890714335467067,-8.704374012891435,9.393965635237054,2.5730069328011056
2000-01-27,0.6295096655892165,-8.943316812315802,9.702503102533287,2.77152203752916
2000-01-28,-0.29959320141985435,-7.703196137506815,10.0604168267733,4.562996032608419
2000-01-29,0.07867934052267328,-7.9142276930105995,9.099576454052896,4.20188885219645
2000-01-30,-0.5273107752743491,-4.742183315337094,9.81115530850713,5.0814382382098735
2000-01-31,-0.410047617182845,-6.250608014060245,10.79899357943467,4.463654509500007
2000-02-01,-2.721427241536994,-4.260329966663187,11.171207058854835,3.814480852523576
2000-02-02,-4.598224234411433,-3.749511855213112,11.644354320728379,3.2908490057670403
2000-02-03,-6.070280918461005,-3.2797540181157125,10.978967886901504,4.156126689748098
2000-02-04,-4.773110811476106,-3.749425692255739,9.085710193427442,6.1320363629941
2000-02-05,-2.9273123170940774,-2.9840908783756634,10.164555727309557,4.995811109650825
2000-02-06,-3.8749852555074114,-2.300304974938247,9.049127768986708,4.348986729469723
2000-02-07,-3.9158718742949867,-2.8022910401056786,8.378741367868878,4.510948981365559
2000-02-08,-3.9254327403198954,-1.035959598341131,7.943550499000269,4.628450900165982
2000-02-09,-3.9736763474574825,-1.3822819498361187,7.404390411907313,4.28319115470732
2000-02-10,-5.50266912691132,0.017142072238017336,7.100538083699882,4.19219941475289
2000-02-11,-5.862644049357464,1.3841133138582928,7.643138650904853,4.451372854256283
2000-02-12,-6.429524475117443,1.3771961988913162,7.933079318504543,4.050049652178406
2000-02-13,-8.983392354184183,0.024929780962648307,7.873481284683237,5.0697953391386275
2000-02-14,-9.50624473393768,-0.8131010364220951,9.639035666131345,4.705649744631669
2000-02-15,-8.44678362572745,-1.0170538094411645,9.140200199796208,4.037738395044835
2000-02-16,-8.0124702639186,-0.00344410377730342,8.552201834537952,4.749878562205919
2000-02-17,-6.838927475794041,-0.05486202432083871,10.014488380709425,5.0220505505429065
2000-02-18,-7.469285623619808,0.21257952583851636,11.427265821319748,4.516251421541877
2000-02-19,-6.342555846619606,2.5507593321422197,10.020531184091713,3.774990752704975
2000-02-20,-7.398561898570685,3.1743750754524767,10.21628706786411,2.4256950237708463
2000-02-21,-6.376996428657082,4.192674965602751,10.444153066399204,1.914845650371004
2000-02-22,-4.02503925530746,4.65558176237173,10.168359913626265,1.377157318120769
2000-02-23,-5.837707211872452,5.027682684147088,9.518341116825694,0.7596112493972462
2000-02-24,-6.490958283256871,4.107687003236684,10.023327990354007,1.3055137392617424
2000-02-25,-6.967581186372406,5.296240090926068,9.276491536033136,0.9102272315859897
2000-02-26,-6.722616219300612,5.636948575980954,9.467800041553067,0.47425700713604024
2000-02-27,-5.86225693021189,4.171975649624247,8.719629429288224,-1.1539752129020457
2000-02-28,-5.62307836354262,5.99244695569042,8.367555728655057,-0.2112932365549448
2000-02-29,-7.099364668537929,4.83230305518493,9.535922215591365,1.0609207744732347
2000-03-01,-7.326936827078382,4.057510929021559,9.502978693129945,2.3218388874148483
2000-03-02,-8.804578728591325,5.339502501993467,10.483581272643313,3.2098479062510874
2000-03-03,-8.69237531253408,5.515896504266917,9.635067927157323,3.5621028326179944
2000-03-04,-8.927450577140803,5.065964222570547,7.823131588673488,3.352893088389079
2000-03-05,-10.139786800136807,5.9997559579363,8.114972077658988,4.364831531648969
2000-03-06,-11.511475717669978,6.381933293888402,8.105155266584521,3.479406646166928
2000-03-07,-10.065711097722067,5.639971060822247,8.873717298204323,2.7923925026913885
2000-03-08,-9.273603699631783,5.665814534616721,9.466205146668798,2.9138748471385556
2000-03-09,-9.263267907483106,5.913502337761622,10.804185339389159,3.817075220472215
2000-03-10,-10.212823956613363,5.525361469217263,11.529596474616033,5.565099374941919
2000-03-11,-10.310130619752021,4.949821004063777,12.587003411675171,5.763431232084506
2000-03-12,-11.421912993994304,5.132624284584197,12.605252170319433,6.558967946415614
2000-03-13,-9.635422076704605,4.015638185068317,12.8125676002123,7.35429615042698
2000-03-14,-10.37552960455096,4.580484051690514,13.788836467592251,8.024834631739001
2000-03-15,-11.702800628321677,5.888876825838584,13.78942456294462,6.8978821684381115
2000-03-16,-10.83096161430774,4.476010701655693,13.839258515019772,7.7529437281199085
2000-03-17,-11.397351624437608,1.9538739733893231,12.343174617745092,7.420024829311883
2000-03-18,-11.308393379052028,1.972127654005454,11.418715298672042,6.166517425864898
2000-03-19,-10.349314702358505,1.9834796344015282,11.886530604497363,6.00626276043317
2000-03-20,-10.518505462984184,3.438682609111958,12.686425739898521,6.579845253888443
2000-03-21,-10.367530890790908,2.558413420904697,13.31836144715824,7.738690298203311
2000-03-22,-9.207722437037463,2.267837643125005,12.832176912573662,7.255714024206015
2000-03-23,-9.121142855002333,1.9147964230998955,11.40060132272031,8.94068169146536
2000-03-24,-8.811081673177691,2.4061411497532874,11.60741389198223,10.091367538619204
2000-03-25,-9.777289260819629,3.998329651446082,12.85601481526183,9.623611868708858
2000-03-26,-9.49729685360533,4.549997978327752,10.460577363590055,10.177440798261452
2000-03-27,-11.118213467774787,2.958127002342989,9.301418560281954,9.717983129015895
2000-03-28,-9.786662743889938,3.93867684321003,10.723577077538922,7.914358648944818
2000-03-29,-10.170373802504493,4.213610141023225,10.472692417359792,8.729601587395482
2000-03-30,-9.743391475010334,4.23700746415305,10.682667927112337,9.533050821890921
2000-03-31,-10.678343656420392,3.9654300298873824,9.884238800714556,7.5765771992005915
2000-04-01,-9.554073103523152,5.303510298127505,8.686547123530048,8.517496692522352
2000-04-02,-8.552452788884258,6.532898688350049,9.35633553807501,6.77744425704585
2000-04-03,-9.067337571728174,6.864108290281634,9.933660736990163,8.477708848651694
2000-04-04,-9.492156355170755,7.061523358532596,9.955443798529442,8.195426009756368
2000-04-05,-9.660423738863516,6.629273340021379,10.153228591068174,8.909922836682215
2000-04-06,-10.05898667257515,6.244128050227679,11.099280155600137,9.886167836502208
2000-04-07,-8.544022713018258,5.6825620897751365,11.218262775554608,10.48356135739478
2000-04-08,-8.82587824048253,5.108555449137963,12.58227081525467,10.382019604807073
2000-04-09,-8.335900440908354,4.34988285210988,11.777932168933463,10.550655895405953
2000-04-10,-8.765869111965333,4.462854794025101,13.551260895614789,10.679648328630606
2000-04-11,-8.867081309124531,5.257870784448232,14.303410568749127,13.689311679346602
2000-04-12,-9.109911185732988,6.1019905138091115,14.438318540579738,13.380599144194692
2000-04-13,-10.001714378791515,5.005449226739042,14.816976058313525,13.922533012753314
2000-04-14,-10.456799514192461,3.2176113389198693,13.149343497315842,13.687679733806872
2000-04-15,-10.04900506255614,2.411528591924394,13.503107058872809,11.922682179222264
2000-04-16,-9.816781960093135,3.1505253478531157,12.746942760866187,12.377052734193741
2000-04-17,-10.97422179133325,3.085852275225998,11.581574135436743,11.948239835526437
2000-04-18,-10.066328727836696,3.1102241795367145,11.85304421423153,9.780742245661047
2000-04-19,-8.656826468555982,3.1807647020566105,10.406742834804422,11.209717995347575
2000-04-20,-9.157397500349669,4.615895418574649,10.02428105211412,10.837103585295463
2000-04-21,-9.18525286884358,4.3413640679103755,9.946824406845959,9.952350016425804
2000-04-22,-9.499583954171232,4.295776593861856,10.385257385835152,8.742320976452223
2000-04-23,-10.265088022612083,4.350842242297868,11.111230997528505,9.412745725954007
2000-04-24,-11.768880768151066,4.785451406017138,11.133855437437816,10.178466515261425
2000-04-25,-10.305691302289908,5.516098658215225,11.493020507369682,11.439544789386655
2000-04-26,-10.725536160809439,5.451889488473245,12.09845796874594,11.08113150045344
2000-04-27,-11.213933255169852,6.252563712406809,13.437842139467586,10.454299805150393
2000-04-28,-12.158434980344797,7.284779267041399,14.208401166755586,10.385985534487961
2000-04-29,-12.950912914495039,6.5141064980058285,13.876067700598952,9.949562874075022
2000-04-30,-12.548807797249545,7.687325948875914,13.210307478020027,9.314108610017582
2000-05-01,-13.339851424897565,8.012937703399155,13.35994833476677,9.522735055850431
2000-05-02,-12.620211029269822,8.74585372681251,12.908627489741406,10.163889441764221
2000-05-03,-13.151669411446843,8.429485909254012,12.697220553302824,8.620257211782791
2000-05-04,-13.885908744733744,8.29517092716486,10.992479488824484,8.020704409473483
2000-05-05,-14.960372236851184,8.449271090243391,11.012275447325525,9.539456125673324
2000-05-06,-14.07515887509126,9.422744136319812,12.001545472645759,9.323979498150718
2000-05-07,-13.515335455628016,9.317096833473208,12.93270128296349,9.414130944562089
2000-05-08,-14.258812783691285,9.311699603623797,12.563527619173072,10.059444891570829
2000-05-09,-13.68235718155262,9.490645371852246,12.095777515539075,8.307170084450538
2000-05-10,-13.056005474691336,11.280997452677072,9.778172394714575,7.630866725540852
2000-05-11,-12.24353208157122,9.24631533623061,9.14088885963101,7.701380366614129
2000-05-12,-12.10648381598914,7.980094756819106,8.866269227322547,8.56088509084604
2000-05-13,-11.088957158665494,7.036091773464178,8.839233542164289,7.970654945492338
2000-05-14,-10.289882384045308,6.406206148054445,9.210667839630997,7.309061252779273
2000-05-15,-9.927764024365421,6.402082523799739,7.5971529620954446,7.275684782194346
2000-05-16,-8.237851628287043,5.386511498135302,8.35955302039658,7.5258277052746765
2000-05-17,-8.482689012190779,5.374594660713473,8.70746855568934,7.21056785987652
2000-05-18,-8.859173326553641,4.381807571421829,8.064543886089526,8.236081908452535
2000-05-19,-10.254724486741829,4.063599591700003,8.998055013182181,7.146842860706215
2000-05-20,-9.254514973730307,4.934687206097481,11.101266977122872,8.220363809353401
2000-05-21,-10.120547518244594,5.8095242116943435,13.070929372696376,8.518449398837367
2000-05-22,-10.736952748715318,5.7065170853592635,14.449166179744365,8.590481929408899
2000-05-23,-11.219271969649528,5.844108803843074,13.749882658034975,9.401160480494147
2000-05-24,-10.282712172594177,7.186940857250491,14.0098755403887,8.469844073085715
2000-05-25,-11.583994441717056,5.945806308706699,13.340789186783812,7.893203979732316
2000-05-26,-12.31467750252951,7.307221834158948,11.787894981987435,7.5632717107763
2000-05-27,-12.698847459856806,7.49479489751924,11.394153452077918,7.443199932055143
2000-05-28,-13.596224458135847,6.96578367533545,10.245340604980962,5.546007365143534
2000-05-29,-14.207341391637154,6.774155582263088,10.093646261825892,5.228398724152399
2000-05-30,-13.405309331496634,7.414200459295218,11.635457635172084,6.468446659002357
2000-05-31,-13.66707874718498,8.495958307621244,13.175640132718108,5.449458222023997
2000-06-01,-14.859549886465533,7.707640175856468,14.06907349969016,5.558883490824965
2000-06-02,-15.442774477689532,9.838966977307264,14.674045377256855,6.040314764057341
2000-06-03,-15.591181047411952,9.085628446423977,15.110896012962716,7.432017580299423
2000-06-04,-15.5134134015074,8.488076698743134,14.893429851740947,6.338181958307855
2000-06-05,-15.743201658059473,8.515352083833902,15.880122416002337,4.7485153698027505
2000-06-06,-15.173304998943902,9.280396962195148,15.604798900728055,5.08913998907832
2000-06-07,-14.125751982665388,9.033129874060585,16.05278164584573,7.133111155805343
2000-06-08,-13.435125234857608,9.213904954445226,14.708436694413017,8.261581541236724
2000-06-09,-13.263161904825196,9.414489240313655,14.42908999026581,7.310333782581678
2000-06-10,-12.421003727064988,8.296520180160211,15.186770140777515,7.0949224738579115
2000-06-11,-12.531458241304525,9.577808609681776,16.013794196580918,5.980779992043282
2000-06-12,-13.436107906348465,10.591516990913396,15.283469111333108,5.062290381547978
2000-06-13,-14.700513842652846,10.878620609203763,14.081747775653497,5.984724579703214
2000-06-14,-15.567607201263561,11.949961173706882,13.40516443041931,4.946520879875384
2000-06-15,-15.625606298724016,11.146194576862047,12.417170794546006,4.680547578273943
2000-06-16,-15.441476214514662,12.517792519732623,12.213126577428252,3.871805534744521
2000-06-17,-14.676715281937822,12.28919139870141,12.037709067861432,4.088470957735992
2000-06-18,-15.190823893921635,12.227669434197127,11.092924029627346,4.5326914912376095
2000-06-19,-14.635878554182842,12.62058322189296,11.798522137801255,5.685266003795528
2000-06-20,-15.811596185994734,12.970710323700006,12.118858965902746,4.649214131953139
2000-06-21,-15.17688137275839,9.923763748761454,12.589326462187767,5.0800489769527815
2000-06-22,-14.580837588430315,9.76089426775556,12.536008772618034,5.211871028109467
2000-06-23,-14.949974053825775,10.711113615047095,14.163625449702417,5.87942029935411
2000-06-24,-14.067333418459814,10.027666742550934,13.147075462947363,7.120013714751462
2000-06-25,-14.509315772029035,9.297943272041316,14.411925626899093,6.816622983961279
2000-06-26,-14.118484885206575,8.531331705290581,13.639520807888962,7.343383582158128
2000-06-27,-14.055561077380167,8.148540911484591,13.952739333390436,8.462688512582691
2000-06-28,-14.187340440426077,6.930435559164234,13.325324855401986,9.23789478480225
2000-06-29,-14.64263714653247,7.247474717932175,13.888121131857828,9.86490404058324
2000-06-30,-15.236692103569181,6.563018408625813,14.222793021318184,9.046977711888866
2000-07-01,-15.272857102642677,7.0582630823303045,14.648158683578135,9.48521528812404
2000-07-02,-15.003473383591915,6.813350947079035,14.308500057368828,8.97939229398452
2000-07-03,-14.395192104029093,5.326151311050002,15.484977019814085,8.333164169226723
2000-07-04,-14.502499659996309,5.678604607500699,14.469075492642899,8.32736061753161
2000-07-05,-16.46132725011989,6.036303215358255,12.995012336241583,6.2937163496572985
2000-07-06,-16.911514874172912,4.0188473443800135,14.989892425749773,5.605658964747137
2000-07-07,-17.177365349308236,2.6923196855240468,15.26457644120207,6.056335334711906
2000-07-08,-17.647661973690095,2.1881870154255885,13.561321800815588,6.61130539275417
2000-07-09,-18.26945606342073,3.0609898193123466,13.57577152739048,6.174652809953306
2000-07-10,-18.191079831437026,3.37637908506654,12.62746751286085,5.7426574761083655
2000-07-11,-18.264917085053074,2.6683078135193474,11.677216475831877,5.686304910645629
2000-07-12,-20.181290477637877,-0.11037321655933052,13.829973981051253,5.605213951468174
2000-07-13,-20.861632287477196,-0.4910579889790075,14.358406211088598,5.317350886214067
2000-07-14,-20.07360999622334,-1.3997793512805148,14.753547291598208,4.0684659693126255
2000-07-15,-22.25480057877327,-2.8386626833812807,14.409472890604185,5.837376081055563
2000-07-16,-22.056567189984992,-4.263948432471562,14.725674999629637,5.962315342623751
2000-07-17,-21.3568870427441,-4.548340344420148,12.600173419582683,5.186927524130663
2000-07-18,-21.085142761185992,-3.822443826997631,11.237935147776165,3.9338285119363823
2000-07-19,-19.450688744665626,-3.9864751845268604,11.307707808848829,4.701060254006148
2000-07-20,-20.146090996945407,-5.646264982688898,12.828803914343846,5.396289898383183
2000-07-21,-19.46479909491193,-6.777696596882473,13.58751907787822,6.619858640296281
2000-07-22,-18.951952846358623,-5.070880103642253,12.59636691231492,5.887532107699175
2000-07-23,-18.80554725323853,-5.660253555178363,12.334928040346158,3.940037291078852
2000-07-24,-18.539446503299782,-6.681794347406671,12.515901618299637,2.714243646858053
2000-07-25,-20.407022378827936,-6.288596268258648,13.785394703069175,4.196836779788328
2000-07-26,-20.69965316594128,-5.510889241626643,14.825517809905266,3.605120353154166
2000-07-27,-20.56055321736957,-4.9217683462024455,13.98924103224656,4.160989893157211
2000-07-28,-20.923476383135874,-3.9818813758145417,15.14126281788286,4.114567158903404
2000-07-29,-19.273381063245647,-5.816591275187668,16.172092133584727,3.940036241200501
2000-07-30,-18.98418905568912,-6.365586486126592,17.23319027766395,1.4124391308345339
2000-07-31,-18.743038241210147,-5.87845312274673,16.701125708010238,2.3831076938421414
2000-08-01,-16.887403835497206,-6.4288701980065515,15.94741760489888,1.3711863152987267
2000-08-02,-18.85795119558436,-7.131426523850323,14.976811553895908,-0.24991505171144635
2000-08-03,-19.714990512158657,-7.674905649095862,15.513419304837445,-0.11903947142673385
2000-08-04,-20.18774499531576,-7.852628701908529,14.299926972707997,0.7096271213458297
2000-08-05,-20.40912301307442,-7.203722035658588,14.37592339472594,1.1221604647092502
2000-08-06,-20.28608844634106,-9.323265588901918,14.261610538403726,2.9193076607449315
2000-08-07,-19.161329408535064,-7.538013781302051,13.009030629623167,3.491470783498042
2000-08-08,-18.33138425186347,-6.863059035835207,14.75434789109794,2.812795048143795
2000-08-09,-16.089296470649153,-6.22579805137288,14.620809435305892,1.4940961594747735
2000-08-10,-16.53571998821299,-5.4477156878951325,14.926606999244997,1.2275441033432888
2000-08-11,-14.384523792217875,-5.485790464247503,15.205116844040838,2.3207083562741095
2000-08-12,-14.234399761474906,-5.260825526348415,15.891592298364323,0.2900666244101697
2000-08-13,-12.61597788562567,-6.529237346330491,15.115788309501458,2.38446595045015
2000-08-14,-11.814611020496715,-6.9489331165212,17.77188097116132,2.082174178231352
2000-08-15,-11.853327119015539,-6.772872859663674,17.973741470922892,3.5453633059453984
2000-08-16,-10.759618325362627,-6.803273778246055,18.09914409651182,3.759744514976979
2000-08-17,-9.488808356893069,-7.654681311104664,17.668525050469817,3.420932353516231
2000-08-18,-8.867875439918533,-8.00613412497731,18.250952618569872,3.63441370608445
2000-08-19,-9.972915797979528,-7.299301418319898,18.144635298464017,3.2054311471817463
2000-08-20,-10.87605866214797,-8.160579115941923,18.60689623894433,4.737270245397275
2000-08-21,-9.300512910982249,-8.005306600235883,18.78481434790753,7.4859696925391095
2000-08-22,-9.974067957285977,-8.586615568682298,17.43659987131356,8.753314313308538
2000-08-23,-9.163025609600444,-10.681388246429563,17.41507495330681,9.58554088106801
2000-08-24,-7.835783663618938,-10.275745971568572,16.222824315691312,10.008271670298251
2000-08-25,-9.197762953668548,-11.274728376044592,16.086842187978952,9.435509271336048
2000-08-26,-9.23598584901856,-11.769581363148056,15.328509195223948,7.864741498689289
2000-08-27,-8.82095519028905,-11.711341972661312,14.379915540084523,6.111936967312401
2000-08-28,-9.17988285812016,-10.462681282974957,14.607465484813018,5.4873412137194615
2000-08-29,-10.536215160887407,-9.54640923083932,13.894561860344458,5.080395617241952
2000-08-30,-11.770826756568065,-7.801349710074984,15.362897631203662,5.712943722640265
2000-08-31,-10.286074000412192,-10.35722658616475,14.321235610319047,5.9491392635630245
2000-09-01,-10.054380249999493,-8.978134048405238,12.102843090127486,6.5092069390249305
2000-09-02,-11.274223895950444,-8.762243607628237,12.381305896896162,6.2251583492106946
2000-09-03,-13.453005187895467,-8.196234832535218,10.899619539952122,6.031189504742573
2000-09-04,-13.011656232817176,-8.55825047957583,11.916656406258806,6.025850841391746
2000-09-05,-12.444428733619302,-7.231006823143826,12.237797641309742,7.35023726927877
2000-09-06,-12.77487347515511,-7.701258428105142,12.091048953031782,7.198061902834701
2000-09-07,-13.174229272177188,-9.068918629421706,12.320579162566748,6.88289548413972
2000-09-08,-12.562991502143253,-8.663863829002434,12.192388640473395,6.658311117656844
2000-09-09,-12.731668150124476,-8.511020174430476,11.396195201861262,7.719904687688843
2000-09-10,-14.160543075802035,-9.105738236146161,11.182573022342853,6.787525335378418
2000-09-11,-14.63526634874373,-10.531298038349597,11.108227119507601,7.858730660132889
2000-09-12,-12.019660936504174,-10.018442188518812,8.945333544324967,6.978887788086723
2000-09-13,-13.335023742308296,-8.910817846813641,8.778628909247669,7.589651200993421
2000-09-14,-14.360301140791043,-9.294925726529925,9.159506844776288,7.019911916677191
2000-09-15,-14.944420494268936,-8.41385599152257,8.648043190352933,8.222525155793164
2000-09-16,-12.708522518444202,-7.947920019831976,8.921973469391059,6.14549817689455
2000-09-17,-14.919184211534086,-6.439349827271901,8.396677805750127,5.488539353555602
2000-09-18,-14.499445733086116,-6.414590129442829,9.411538359294182,6.537702247667832
2000-09-19,-16.420892915581533,-6.283324691261895,9.350501956963067,6.361040300911416
2000-09-20,-16.072305092677794,-5.869925546059991,8.93136096671064,6.095408499027645
2000-09-21,-17.65730035667452,-5.500702230832468,7.490241889286364,5.197086891849648
2000-09-22,-18.973249456869564,-4.905582718558153,6.833292683720682,5.892430773797953
2000-09-23,-19.444498850253584,-5.990743249419519,7.195547327023071,6.1608505337044095
2000-09-24,-19.511284800406692,-6.224337436151323,7.006344892326007,5.319662066789762
2000-09-25,-20.083164476843038,-6.022182730176924,4.732393510245215,5.115182023814066
2000-09-26,-18.19002277275944,-6.614447311472209,3.976993662268058,5.154800737549266
2000-09-27,-18.884623540932388,-6.89533150653813,4.033290975053442,6.910559197474388
2000-09-28,-19.419801280610734,-6.495693130355191,4.18537161782415,4.619251822125053
2000-09-29,-18.300724631274402,-6.54319392182798,3.098670558680669,3.031559196895768
2000-09-30,-17.155000739235195,-6.41325065806827,4.085103838993863,4.633855044966758
2000-10-01,-16.654741336602743,-5.854141361008677,6.3986252059830075,4.049947048749659
2000-10-02,-16.81604424564851,-5.479790870602428,7.106771976263818,2.2394606249622413
2000-10-03,-17.87378564344525,-4.846574105518663,6.631857528113649,1.2343921903094428
2000-10-04,-18.129837666089323,-4.9098275090798165,8.076312375806255,-0.17269907799731632
2000-10-05,-18.01060220739043,-5.09365599207677,8.650846622160618,-1.323382026792093
2000-10-06,-18.73659289073876,-5.230732197080522,9.019770845373943,-0.752807040772747
2000-10-07,-19.426095433753954,-7.165594351872103,10.45903798238694,-0.24980188014171623
2000-10-08,-18.76866403798877,-8.13829107086287,11.772656156397458,-1.4540835402739867
2000-10-09,-18.451672681340586,-6.49395141307728,12.015853197612245,-1.4333692915278262
2000-10-10,-19.539801189959746,-7.700010390059669,13.072034851763089,-0.8592190668462026
2000-10-11,-19.15105686972294,-6.963181799761587,11.977119362100943,0.09070138136000183
2000-10-12,-21.273578052282872,-7.550297766388242,11.804112102522813,0.24610055974218784
2000-10-13,-20.78546597633266,-6.77751309629466,9.26417971895611,0.9606911185709334
2000-10-14,-19.25471671371359,-5.788419962323272,8.743005126273387,-1.1032825157810433
2000-10-15,-20.795974628196856,-3.9930781864046154,7.631897420151501,-3.10033763967461
2000-10-16,-21.218146270957455,-4.370444860130594,7.741425642678017,-2.6011645318831738
2000-10-17,-22.1359946797274,-4.873727397764173,8.290489506194977,-1.5542557356349018
2000-10-18,-21.924950511746044,-4.659502433809248,7.490224719665515,-1.364569940493574
2000-10-19,-20.97613351287459,-5.768528251290445,6.811278171924254,-2.3462026130458735
2000-10-20,-22.573002869857753,-6.8998418824877135,6.902293536839753,-2.0649883828166775
2000-10-21,-23.521368516884017,-7.524137042062812,6.624990919011448,-1.0806801975563531
2000-10-22,-22.010836734419755,-7.136798759764548,5.14556014182425,-1.261706355036723
2000-10-23,-23.161757135366237,-8.80215499582757,3.359415295801782,-0.49111943285271653
2000-10-24,-24.049975971706033,-7.738956585415783,1.8919170283915303,-0.8951161745692982
2000-10-25,-23.985352287423,-5.7403589547671725,0.9495222415003163,-1.539748557186848
2000-10-26,-23.9536599558641,-5.335639931184623,1.8842600240829976,-1.87856566884994
2000-10-27,-23.201111178297385,-5.204598480999322,2.1114004250462997,-2.031352165257286
2000-10-28,-22.059818661040925,-5.803765792369047,0.12872964192518932,-1.4199187245202993
2000-10-29,-23.52583314222743,-6.429343129494247,1.014853295472891,-1.925098346830533
2000-10-30,-23.81345867356009,-6.887519275661583,0.07839268509847108,-2.71589246510407
2000-10-31,-23.46749127933942,-5.431485837491575,-1.1431152328464953,-1.8906439355155609
2000-11-01,-23.057977117462237,-5.600299447632348,0.7595341678627887,-3.897538029296829
2000-11-02,-22.56869472851415,-4.50076765489042,-0.3766160323593204,-4.950260862037428
2000-11-03,-23.406451270359398,-1.565914645173339,0.8305156091335473,-4.36368667070939
2000-11-04,-23.819999217772036,-1.854282323526084,0.847075946632894,-3.7339601558142674
2000-11-05,-25.389177736183015,-1.3940857925349055,1.206141780481953,-3.3893463796759824
2000-11-06,-24.048357922570606,-1.9693253658813168,1.1657786089213031,-3.9263912147866873
2000-11-07,-23.08376505225258,-2.537523363407728,0.3695610776854401,-2.0886282206205413
2000-11-08,-24.539502224984094,-1.3422715679226687,-0.731317109834773,-1.6662164386143665
2000-11-09,-23.60538505199572,-1.3279208691829283,-1.581548339091581,-2.9552413289647044
2000-11-10,-23.6407346572368,-1.5933766293650073,-0.9677280303242174,-0.9983391191359678
2000-11-11,-24.86026208890417,-1.3366771334386756,0.7689742770064601,-1.6858942129745011
2000-11-12,-23.09831353909496,-0.1742962326708848,1.3950397299200468,-3.267477287059696
2000-11-13,-23.87116041219615,0.12998487146093596,2.438190320122094,-4.787675622209974
2000-11-14,-22.504375324346967,0.5622795957878349,2.36608238067064,-5.218985935694719
2000-11-15,-23.44626536155615,2.272336108795312,4.29954962879595,-5.194334609215101
2000-11-16,-22.47124977070275,5.028640655896805,3.5654748735854342,-4.440435356032462
2000-11-17,-21.700128915799443,4.976539463331247,2.9619785783053354,-4.336462492934716
2000-11-18,-22.52975313902948,4.741379826123045,2.6996628879798705,-4.348497902391022
2000-11-19,-22.5351964008851,4.70579515134496,1.1762548733921938,-3.144822096701393
2000-11-20,-25.214768932259574,6.842420976359897,1.888313821355044,-2.0857803992174775
2000-11-21,-24.99746441410944,6.6686461623954765,0.8566699141730407,-0.6130787146922756
2000-11-22,-27.099742416602677,5.891347384428188,0.6581228748021085,-2.135837430222941
2000-11-23,-27.74113653769593,7.543257399514834,-0.6530648506731108,-1.5443756124363894
2000-11-24,-27.194187443682345,7.626151993160151,0.017654979148351457,-2.5636187382855793
2000-11-25,-28.022997143104874,7.344448489582634,2.068162432820426,-3.4047157475807603
2000-11-26,-29.29929743629036,5.870543134183722,0.7688327980335419,-1.261886308483604
2000-11-27,-29.860140807408715,7.691934071099317,-0.1394459090159379,-1.8510380538325366
2000-11-28,-28.115833078540433,8.883798594360558,0.9582264878839786,-1.671475744238501
2000-11-29,-27.685040006822568,7.265204106639735,0.5830336653011696,-0.9976819856257879
2000-11-30,-26.114732216863928,6.923334939705556,1.1876203997198815,-1.666412042536272
2000-12-01,-25.430685038391942,4.995597598872884,1.4292358448613776,-2.3883717919752856
2000-12-02,-25.752032796114413,5.045635541604396,1.164320867383457,-3.8871505392057846
2000-12-03,-24.692375666568125,3.795061207603261,0.4570103045682714,-4.784018694358708
2000-12-04,-27.22117156823137,3.4260246534340286,-0.845838530873015,-6.847504282028493
2000-12-05,-26.745710599798546,1.5345983842912223,-1.0570171367052108,-8.991788309786601
2000-12-06,-27.190037585574757,-0.2214228170593262,-1.5215962713188937,-7.744841412357643
2000-12-07,-24.522718486652323,-0.3967503271306105,-2.138009656488176,-7.3629168765734825
2000-12-08,-23.78611044506831,0.682300472206131,-1.2803298502993792,-7.361932562983025
2000-12-09,-21.8280648111792,1.8386807906748086,0.4247689498985914,-9.36718060262949
2000-12-10,-20.12384610571636,1.2760004290550184,-0.7394713980392276,-9.095808174911172
2000-12-11,-21.49955860189056,2.490923228038035,0.4054149493210857,-8.224589618507174
2000-12-12,-20.501564809484268,2.341295089983816,-0.4283259160505585,-6.646860212361832
2000-12-13,-22.46752943669848,2.488447584731787,0.3598281246896389,-6.737186518086004
2000-12-14,-23.776766234367766,2.337290311120371,-0.7076044773365939,-6.752699959681097
2000-12-15,-24.08232505936804,2.0910910035874344,1.3234667448183959,-6.64493501995402
2000-12-16,-24.424871102207987,1.6558880569580143,0.5193035377190437,-7.1997657558202
2000-12-17,-26.338087825972618,1.3204799624659587,0.7835694720174615,-8.425790319487433
2000-12-18,-23.91636693566634,1.0376668056204525,0.4360827817286245,-8.558793795923641
2000-12-19,-24.412132412290354,0.6443497890663858,0.5171048684708468,-9.329142442202448
2000-12-20,-23.435537752177474,0.2091874498253425,0.5992566148857275,-9.818488021961908
2000-12-21,-23.584615698943754,-0.611413094889635,-0.0026837211124088878,-8.947502150373204
2000-12-22,-24.496654221179757,0.7284867274056923,0.054975623012890086,-10.5805617948747
2000-12-23,-24.150982546746278,-0.10289605780937572,1.2201815222411168,-9.1125073938218
2000-12-24,-22.826344726859173,-2.0517400097160974,0.03296933821020542,-8.484344495710692
2000-12-25,-21.166435646272713,-1.6512287151946174,-0.051246695397153944,-10.264133681020851
2000-12-26,-21.853198168554197,-2.3966276623881977,-0.26636446340209335,-11.678699761520345
2000-12-27,-20.311547829615243,-1.590015461748376,0.4348192339147509,-11.366999145822495
2000-12-28,-19.648651786748005,-1.4487831937878082,-0.3994772783369735,-10.83490079504249
2000-12-29,-19.077692188444477,-1.194202280698132,0.38095136991224615,-10.259113656209033
2000-12-30,-18.84647776422196,-1.763013116449421,1.2633195650571192,-10.649834837788042
2000-12-31,-18.098944016635198,-2.717777424524262,1.0310909119483114,-10.65315297860415
2001-01-01,-17.40192749002399,-1.2383721796211933,1.6672920340094686,-10.84884291063012
2001-01-02,-18.263119139269875,-1.711143871575759,1.7928063642770948,-11.138108175360964
2001-01-03,-18.075766411142165,-0.7189769201615485,2.6480260680137326,-11.155225250752562
2001-01-04,-18.614203717305134,0.3093914968526271,1.8104996132354239,-9.69819887020235
2001-01-05,-18.57977073679679,-0.514156769063819,0.5303328644672822,-8.716368632329402
2001-01-06,-18.39160522108782,-0.7033613004091056,0.1449346473178053,-9.722675535837315
2001-01-07,-17.359019593805414,0.4604606760310418,0.19860921856791813,-10.260902940007785
2001-01-08,-18.885312556254565,-0.2823897532858092,0.11868974776180267,-7.481907251626883
2001-01-09,-19.29095386324033,-0.09634513201200692,0.4209999113321249,-7.264497683243742
2001-01-10,-19.147909430548754,-0.43393597449872257,-0.23738920492452076,-6.021966254599515
2001-01-11,-19.743525218963356,-0.2526438639217477,0.45153175468934015,-7.679771023022068
2001-01-12,-19.300756098243465,0.4301695901650034,0.07877493544878644,-6.192250316342841
2001-01-13,-18.560087051717638,1.0360956305604336,0.2081029880860512,-5.335112976292106
2001-01-14,-18.39246931266035,2.3128324400068134,2.350513856858483,-4.722172496425555
2001-01-15,-19.232186055959662,1.4397723670461153,2.0475166971588745,-3.1277734579648753
2001-01-16,-18.952783638433058,2.0320785297576194,0.8202617371681091,-2.4457528611040216
2001-01-17,-18.632812910511543,0.32341282832573137,2.0977786477399665,-4.302856555530784
2001-01-18,-16.75452958784072,1.0551979359916628,0.43691681997893816,-5.857515637722162
2001-01-19,-17.158583511277385,1.2237912983261223,0.4260492084763841,-4.821219056060325
2001-01-20,-17.561511169875573,1.6982477991228984,-0.4813703477520683,-5.440507598363013
2001-01-21,-17.82795523630865,3.0424470004865634,0.6080632134051458,-6.142077203107565
2001-01-22,-16.335769094253806,3.4206262907292855,1.1194403966285,-7.668762404382449
2001-01-23,-16.020483668923983,2.6550658573096797,-0.34702796401572167,-7.964560728519356
2001-01-24,-14.916649043839456,3.725481057143231,-0.8646585401055045,-8.579767328298631
2001-01-25,-17.10315349786589,5.61858521492425,1.0317787404790193,-9.099671688518601
2001-01-26,-15.07773751315014,4.778691904991734,1.9539816804905206,-9.145931323889926
2001-01-27,-13.44533735091282,4.709312676526095,1.4944786155263863,-8.57212325616341
2001-01-28,-13.666091904800059,6.279603333539634,2.7447654657647176,-7.901434161950469
2001-01-29,-13.40814301617621,6.267355363442433,3.480157293401441,-8.277577033235074
2001-01-30,-14.37918878364912,6.035640847103113,3.7399435807208956,-8.729930512008625
2001-01-31,-13.713700035389186,5.15745836899319,4.14983070370637,-9.054879266330461
2001-02-01,-11.767184082698526,4.100801366332643,3.303698103395401,-9.118152500516166
2001-02-02,-13.106772918507493,4.644245325825746,3.24258357786852,-9.256124725499795
2001-02-03,-13.024938785264046,3.2999326012795063,3.7567780033292664,-8.247076973540128
2001-02-04,-14.756309487227524,0.8666198164819727,3.4243506858454187,-8.536373597289831
2001-02-05,-16.091264175173112,1.9370562515960974,1.6165553087737632,-7.001575726170005
2001-02-06,-14.168608125838531,1.1382361519003807,1.1801837935021242,-7.703265474206873
2001-02-07,-13.889758213126747,0.8245359700945327,1.0222238459309814,-7.733882753618471
2001-02-08,-13.653952140427894,0.9153269433810199,0.4367511256291047,-7.607057576577544
2001-02-09,-13.525273965306349,0.39238191443484016,1.1359262774764016,-8.349948847123043
2001-02-10,-13.01596335947794,0.7215487847490619,1.854388626833853,-8.18858396627908
2001-02-11,-12.94830919359588,-2.262991264990465,1.874297416728788,-9.388406588337912
2001-02-12,-12.09819928063302,-3.1601160551618244,0.8527421371437935,-10.36966690851944
2001-02-13,-10.514799367742816,-2.240768053517492,0.6542558748697709,-11.645705214526757
2001-02-14,-9.97637412767386,-2.4423396404450988,1.224526820673737,-10.318500429548578
2001-02-15,-10.847451368037607,-2.6772960610439007,1.8802961395253335,-7.854701755268538
2001-02-16,-11.744305506050782,-2.4779278748003493,1.9043718670041017,-8.965062829196727
2001-02-17,-10.889739378139963,-2.9270843258347887,3.126050935982561,-9.267199402864795
2001-02-18,-12.839602180790443,-4.537925437398567,3.476110910399404,-9.907512683403962
2001-02-19,-13.93637112334211,-3.5133348332010934,3.6463308651801145,-10.592831096618163
2001-02-20,-13.740047295025452,-1.121540616779301,3.787042600902569,-11.342939438257796
2001-02-21,-12.161899488103737,-2.1081399339454547,3.002439388487568,-10.670077419270767
2001-02-22,-10.592884559887958,-1.631970160704257,2.2729894071076604,-10.854965635814864
2001-02-23,-10.218823956851237,-1.965465298161331,1.7894925246164912,-9.995843845731121
2001-02-24,-9.624567730712926,0.27505822551402814,2.787561525167452,-10.521967691157322
2001-02-25,-10.883968273341125,-0.19366829906948346,2.053154394966014,-8.644112710768505
2001-02-26,-11.867862760879182,-1.7207654722494592,4.1248563233383635,-7.7285942734749895
2001-02-27,-13.313546991690234,-0.22919343459121588,3.338630441299522,-8.402588866405654
2001-02-28,-14.077174591870332,-0.7658307745582226,2.690904198430015,-7.771580049837324
2001-03-01,-13.725525934609683,-1.1187748310714865,2.2662360485364506,-8.81028154106186
2001-03-02,-14.681330720638057,0.7966237259828091,3.306217442783517,-9.045774256777785
2001-03-03,-15.694977560892344,1.2186920929667502,3.363987980451561,-7.120534724501771
2001-03-04,-16.434312107937362,-0.4703071379469592,3.609985445688991,-7.6313464869501875
2001-03-05,-17.227187437048105,0.5277348253499617,3.572851571355486,-5.8488917201834045
2001-03-06,-18.16436832061616,0.2608383320538962,4.1568248055694035,-4.634768085613602
2001-03-07,-17.37043176011616,0.5864751360167342,5.115069776141391,-4.505124774630835
2001-03-08,-17.12225586122688,0.3644789788710893,5.065162163780346,-5.53649933367564
2001-03-09,-17.469410217397723,-0.5240798760347598,6.894640178282315,-5.267796570033442
2001-03-10,-17.75878163087504,0.18772441288779207,8.843162680572469,-5.18512915528092
2001-03-11,-17.30489161681267,-0.5722568323467635,10.285511122247614,-4.453768291321805
2001-03-12,-17.401391429519816,-0.9989626504368999,10.645258411300771,-4.103846439483552
2001-03-13,-16.539957904568027,-0.7570529314859452,9.829892988858644,-4.664874122506504
2001-03-14,-16.216697652744248,-1.0086565918288326,9.8930852541472,-2.8405866020145805
2001-03-15,-16.422933593585824,-0.4938062564943293,9.714568123711263,-2.9208549117226283
2001-03-16,-15.168820116673443,-0.9373227106284547,9.123814309975497,-2.840075466118986
2001-03-17,-14.198033666250087,-0.8271487030272137,7.645029242066963,-2.8533709400002634
2001-03-18,-15.09488091471272,-1.7637122691266565,9.393146428664636,-3.7617771124155532
2001-03-19,-15.05162021952976,-0.35482881192426663,8.805812854767705,-4.873350115684922
2001-03-20,-14.425291390530367,-0.8051000426401932,7.43959010650305,-4.892945875429451
2001-03-21,-14.613144937407133,-1.674265263986762,8.575051273882607,-3.8976700091500422
2001-03-22,-14.343684436988667,-2.5668060180185877,9.047341727599779,-2.2101830217613587
2001-03-23,-17.23271948399309,-3.6020825140332864,8.020829855083386,-1.4281530802490117
2001-03-24,-16.436555134738366,-3.184422390194078,7.476591605071105,-1.2647189023960008
2001-03-25,-17.85192561385381,-2.0548182793722245,7.888063091524441,-1.9228150358328389
2001-03-26,-17.795626601891232,-1.8801418709311328,7.66448539967451,-1.9942239788085376
2001-03-27,-17.103060928848187,-2.2700917491890302,9.592660817268277,-2.746561110937817
2001-03-28,-17.89803945130249,-3.1459999234227123,9.88093423758109,-1.232237227698346
2001-03-29,-16.346251523345376,-4.183058244747581,9.117613584170964,0.016127763274356832
2001-03-30,-16.689311015242872,-5.222784924229338,10.045920783309818,1.0690728411477481
2001-03-31,-15.777389392715897,-5.242024649681108,9.538212529360809,2.7688826543655005
2001-04-01,-15.689297903091083,-5.361267884550931,10.226652280779094,2.3676305372886093
2001-04-02,-13.205532424073892,-4.247616613553605,10.6780319706129,1.6500253855304425
2001-04-03,-13.705998853553641,-3.5174780662971905,9.76410852316033,1.0994929898463313
2001-04-04,-14.647580035396064,-3.320736447522658,10.604247037422926,1.874499200742153
2001-04-05,-13.96439698077417,-3.0932788548767958,9.612839112686883,2.6263392982775686
2001-04-06,-14.250615483700415,-2.6966262218814805,8.835089302131044,3.753956415540782
2001-04-07,-13.586812888460356,-3.3253856730279985,9.24476635265323,2.6367356507568527
2001-04-08,-14.850014199096158,-2.6565371764465633,8.788612168396025,3.5093017403600366
2001-04-09,-15.050066529783008,-2.6097393092214363,10.026261169677506,4.190370424217204
2001-04-10,-14.547596368458638,-3.01229268200226,11.09548444974126,2.9952185690219535
2001-04-11,-13.970101987129498,-3.5626709720821856,9.24138187873947,3.1178428624100123
2001-04-12,-15.358303950982883,-3.8130507439448116,8.313663842557611,3.4779839404238717
2001-04-13,-14.476531804318538,-2.9209133983296574,8.27034699966823,4.294318557632148
2001-04-14,-16.236781466480224,-1.2590315317481542,7.1580818549316945,4.276629974269892
2001-04-15,-18.168377696235062,-1.0545106507620532,7.715198466501297,3.214799243744902
2001-04-16,-18.354115183106583,-1.2683198399560587,7.964310585864728,2.060092167775127
2001-04-17,-18.27376541603444,-2.7950798578920577,8.98472035026561,1.1094057595638431
2001-04-18,-20.52542556430122,-3.551908386920573,8.393902707985982,-0.4950415783006197
2001-04-19,-21.363539735545555,-5.417364176589313,8.675692829554182,-1.7806533017203343
2001-04-20,-22.536522628986486,-4.379700944912963,10.02230621642291,-1.493815990290364
2001-04-21,-22.867350044310417,-4.400133331519214,11.424510405997054,-1.2653753279918236
2001-04-22,-22.7537197630383,-4.461784525683043,11.428424817041012,-0.5073602797297059
2001-04-23,-21.546090206060423,-7.564347250950545,11.0597463041897,-1.3737439140746979
2001-04-24,-19.204072394507666,-7.962716257430028,11.50659266445629,-0.7558737634948263
2001-04-25,-18.84103763919087,-8.257926436580817,11.588480185833744,-0.7702336802516228
2001-04-26,-18.680215483451306,-7.480177484170344,11.692763223520007,-0.18038584328900764
2001-04-27,-18.07760779010074,-6.524121864919,11.508237683902081,-1.3320920129276663
2001-04-28,-17.082807022682932,-5.38662747497183,10.630691630450524,-1.9718093104598187
2001-04-29,-17.344188493583257,-3.7335371151833,10.854092301942089,-0.8765554586680915
2001-04-30,-17.968245893163367,-4.150339211049402,11.498579408437827,0.3041939353574312
2001-05-01,-16.60218988965228,-4.007989393518932,10.378147751754007,-0.851089277060955
2001-05-02,-15.082002399942118,-3.7363883921480223,9.069058889158793,-0.6883872196408759
2001-05-03,-14.551782026821085,-2.5634125219073445,10.700382918801976,-0.10634424298177247
2001-05-04,-15.711375779009488,-0.6230012880227078,11.250586058209517,-0.3907786283732676
2001-05-05,-14.936819598731148,0.018058892612636046,9.986255870343877,-0.04269734426239058
2001-05-06,-15.409907645439755,-0.014389723937523448,11.689114676185206,2.715546109480437
2001-05-07,-14.312851000223736,-1.0093837644975336,11.767294847476407,2.43705908485425
2001-05-08,-15.108227737271207,-1.233739372208642,13.145205612050631,1.8839679833844398
2001-05-09,-13.106845510538136,-1.3561860233823884,13.959035505664358,2.460237699677686
2001-05-10,-12.027570218950599,-2.056504580481569,13.620031633276852,2.0173549833095152
2001-05-11,-10.310776251536629,-2.8925897373641094,14.244505668960816,2.3017258097625346
2001-05-12,-10.629093180428436,-2.513379687891436,12.564057484241454,2.327505953884742
2001-05-13,-10.052496112270502,-2.871296943076847,12.435724987919455,1.4558513028178586
2001-05-14,-9.646489651953704,-3.47488714845794,13.040707489621788,-0.10412299846640627
2001-05-15,-9.96307470953235,-4.254233222760768,13.51777571836569,-1.6261780841461904
2001-05-16,-10.716480929801786,-4.9755723026962295,13.76471402593089,-1.4895260173232332
2001-05-17,-13.328878413921638,-5.581769224991975,13.762961327381152,-0.4405348609846811
2001-05-18,-12.682758078690098,-5.356838474608356,15.029558755477009,-0.9483592209145513
2001-05-19,-14.28551611271053,-4.352760457526749,13.992144115532847,-2.0017568261289984
2001-05-20,-13.071172517647781,-4.087407173612498,13.554601123672212,-3.324035706594179
2001-05-21,-13.214587510916932,-3.3275021099321243,15.251287521770173,-4.1267566862143505
2001-05-22,-14.185624817019058,-3.3842110279990294,15.811708761522455,-3.1646239494254518
2001-05-23,-13.819322942965398,-0.8898173092580097,14.642808560344124,-3.5034495446662315
2001-05-24,-14.266549113485985,1.0417127970382076,16.15974960805831,-3.3720717071471986
2001-05-25,-13.731981701082928,0.9351115527424604,15.654628561165056,-3.7407854057137477
2001-05-26,-16.528894629483652,-1.376095682131949,14.142858888349597,-3.8053021607723547
2001-05-27,-15.771683467727188,-3.1398691318445744,13.76624011964739,-2.001448065271379
2001-05-28,-15.641610082881954,-4.5104204782925805,12.120951694112259,-2.06685876053214
2001-05-29,-15.512010526098724,-4.31175708140487,11.888057591404571,-0.8285557524567435
2001-05-30,-16.14273069330189,-6.109511701941131,11.52606113355887,-0.8970494616428355
2001-05-31,-16.34816616662786,-6.752115783353589,12.961150260128544,0.23359525210356935
2001-06-01,-17.14139925819333,-5.4407447232851585,13.402931617634945,0.3073482436903814
2001-06-02,-17.494231721436943,-7.741560024219554,14.207730004977584,1.0239106375220344
2001-06-03,-18.24841754092586,-8.591577680557265,13.16961052819829,1.582498053215845
2001-06-04,-19.11287942244969,-8.3282536989746,12.90575812127955,3.333661501934348
2001-06-05,-19.809187820542174,-8.710890296049104,13.069704924833875,2.1906962675606017
2001-06-06,-20.235355772984988,-8.709119236842612,12.075644816557755,3.525952512843862
2001-06-07,-19.03102154192989,-11.333136720722234,10.793895144214826,3.0941805076214886
2001-06-08,-18.362060854296033,-10.554428879382863,11.698733651596774,4.736489195082187
2001-06-09,-19.442279879296713,-9.680200474983847,12.055348931064255,3.4796949787048836
2001-06-10,-19.828833235815317,-8.801689159333138,13.313189669561883,3.9712489912259348
2001-06-11,-18.69441426317273,-7.8918013137539855,13.719110657793562,5.159349230869759
2001-06-12,-19.075422496452877,-8.614506538251515,14.782560867493913,3.6452258847961865
2001-06-13,-20.02936844530698,-9.166706804631152,15.343985399816003,3.2391199822400467
2001-06-14,-19.84480238220479,-8.289651175348009,16.132040772563244,2.757663775795873
2001-06-15,-21.68427416782869,-8.330548633742438,16.532990005865873,3.887412986768175
2001-06-16,-21.74404848713121,-9.00467302125075,15.938404066168623,3.2140180875337823
2001-06-17,-21.767078187537344,-8.231457822455983,15.83885204405175,5.05860653591068
2001-06-18,-21.72948022050341,-8.57958065757888,16.82551780735545,4.897639172638467
2001-06-19,-21.78082641805802,-8.118556074259264,18.32560687201994,4.821231735592699
2001-06-20,-21.899940145742285,-9.101913247460368,15.470283540718139,5.039546063121793
2001-06-21,-21.039933736535534,-6.978525394194546,14.923315903024303,3.8742588908849696
2001-06-22,-20.20328518934245,-7.386760413987863,14.594008532552694,4.229913416930904
2001-06-23,-21.192652197250545,-9.543431346946116,13.075782062290848,4.320528983368999
2001-06-24,-20.87654999527493,-10.09693185102438,12.074448976972011,3.5279131371391355
2001-06-25,-20.292982880966463,-8.176517595516284,13.76004247256662,1.8809858646376345
2001-06-26,-22.5479730434662,-7.613786790378331,15.679189173128993,1.8370803066042476
2001-06-27,-22.225438165020673,-6.703832368010039,16.66318233766036,2.6524247379176393
2001-06-28,-22.912527764630852,-8.627538639422921,17.772597315649886,0.4784141410706506
2001-06-29,-24.568806556901432,-8.234287386577465,18.653377764886518,0.7295750811322558
2001-06-30,-26.271992306395166,-8.878196564905117,18.379953299267054,-0.25598998865635647
2001-07-01,-26.772298860461728,-9.653546634491018,18.82292843015357,-0.07751276559620429
2001-07-02,-28.995771807992398,-7.937833944046334,19.067994374414468,1.4308546019875492
2001-07-03,-28.42490750210797,-6.947990773373507,19.32374877287426,0.8417897745811883
2001-07-04,-28.735405691077446,-6.481939001071988,19.39462081528941,-1.3004002770801653
2001-07-05,-29.330499535132702,-5.819563812814423,19.029626143782433,-0.26763419332805904
2001-07-06,-28.716289634201903,-6.459610233913366,19.70079989822809,0.8263142145466573
2001-07-07,-29.365454785351055,-5.7941322757626,18.7235678320641,1.0017402724191917
2001-07-08,-30.060272576653926,-6.301717382441008,19.05434904075169,1.7739837051231162
2001-07-09,-29.706443177923326,-6.109081443957508,20.836252133324223,0.34128488309911953
2001-07-10,-29.638609597167086,-3.577955938993707,21.322249512307884,-0.5576536795918635
2001-07-11,-29.037329084903696,-3.422033013352218,20.24394203184917,-0.486927783087337
2001-07-12,-29.148965417869146,-3.539474680641262,19.881451237841013,-1.5952227457460904
2001-07-13,-28.933270771959528,-3.9101080648323,19.04847846886423,-1.129749009683751
2001-07-14,-27.878458269198056,-2.5618881035925694,19.449399580975875,-0.2674406454702919
2001-07-15,-27.068680127017615,-1.925281757425922,20.628671121628184,0.11170919190536349
2001-07-16,-26.619141689852643,-1.4649379440525447,20.902168021153084,-0.08884106409246223
2001-07-17,-27.85272844637128,-2.8387313662785427,22.523419619029816,-0.7470032466353131
2001-07-18,-27.58842151664618,-1.394408430381324,22.161967474777853,0.8236375789494346
2001-07-19,-27.523895972619897,-0.3958438743138276,23.39457457430492,-1.0726455214187074
2001-07-20,-27.624226149020746,0.2960226438592898,24.84990137406626,1.1974544574435417
2001-07-21,-28.435643917323652,0.6484679082424836,24.614938073084385,1.4530430291662952
2001-07-22,-29.626334769545373,0.36361306223749373,26.77988078280552,2.4714229564024395
2001-07-23,-28.264383102140627,-0.7344866609573606,24.5992790864313,2.4472999167210525
2001-07-24,-27.986783255181304,-0.8703470719869275,25.021210258385743,2.9647414965775476
2001-07-25,-27.81109277894604,-1.8926761808836627,23.992946298254786,3.460971884444545
2001-07-26,-28.41571834837259,-0.9539981433633485,23.125896261739847,4.3174339305232685
2001-07-27,-26.978040029031455,-2.061655436923301,22.311768737853125,4.922507712524242
2001-07-28,-27.403983084542126,-1.526077326361639,22.3599493780599,5.564840006995541
2001-07-29,-29.389336620128034,-0.11194821759317874,20.789105949907626,4.40943341213266
2001-07-30,-30.55240287506988,-0.30478485524638127,19.816328978323337,5.947270428134913
2001-07-31,-31.25187756428365,0.5040676117511704,19.45089886571204,6.539915344141947
2001-08-01,-30.62454416383799,0.34384676210351006,18.71523313634245,6.1198126635901335
2001-08-02,-28.994542751659843,-0.031438973383827395,20.21607783182258,6.640450243225652
2001-08-03,-28.484886655823107,0.2481025051420595,20.54029162682465,6.655177169769879
2001-08-04,-28.4255439951838,0.81646779878993,20.84358641535196,8.183830955552319
2001-08-05,-27.88652951946419,1.2822516977586054,22.919982518265204,9.066528708042362
2001-08-06,-28.13435367169233,0.3091277558723182,25.291279412674385,9.9560652578883
2001-08-07,-28.695985726917822,0.9464959557193876,24.90987910885561,10.621323737889677
2001-08-08,-28.39709387328297,-0.36628370818457767,23.094848743928676,10.973703991840278
2001-08-09,-28.22521565682597,0.09301287991112961,22.835627349185838,12.730122623261083
2001-08-10,-29.23505481415602,2.412679998336974,22.414801890459568,13.5853316763725
2001-08-11,-29.564713039072814,3.9479930901825093,22.744447748078866,14.422669079288337
2001-08-12,-29.976345429922663,2.9381195988472717,23.148151213303187,16.01389429625707
2001-08-13,-29.78466782187536,4.181241438723173,20.44139011942495,14.703118933259105
2001-08-14,-29.842278155669728,4.489478508026056,20.930226489155967,15.11292901480737
2001-08-15,-29.492166602640236,3.7174504771336094,21.574876085778417,15.069193460292427
2001-08-16,-30.79454476174182,3.6442846349091687,22.005405205667216,14.858126467844285
2001-08-17,-30.76625517922661,4.786107254176401,23.395705013904458,14.960242669206982
2001-08-18,-33.68870074411579,5.0824704175093665,23.17880160251318,15.03933977455374
2001-08-19,-34.49744852238946,4.811087234214548,21.519023035934225,16.01567081795262
2001-08-20,-34.19259077882443,4.435937348714324,20.767847034472155,14.43694144650502
2001-08-21,-36.06578566607748,3.8231028425652247,21.701111426973952,15.288090585700937
2001-08-22,-37.82796169757111,3.645137107320979,21.436887194037855,15.386202041087722
2001-08-23,-37.977192432899045,2.5050780685714833,21.4131326177154,15.552203238315668
2001-08-24,-37.682771435489194,1.867665834168589,20.895601011899096,13.958916588261248
2001-08-25,-38.17715216819308,2.955387940367179,21.65964125116675,15.018969001360917
2001-08-26,-38.68483616400425,2.050262013853904,22.00948374706443,13.953898956313969
2001-08-27,-39.43247205166128,3.0881977481068157,21.389184127138076,13.820416908497467
2001-08-28,-39.840997535060765,2.3720744349754233,19.748427092320295,13.133692910777176
2001-08-29,-39.48104502488032,1.6596032199320965,19.766405426074417,11.910862876672962
2001-08-30,-38.97054732926862,0.564741120215702,18.076478631394565,11.30907546752673
2001-08-31,-38.70149117410256,1.7632068253517796,18.527553091773335,9.629356085107663
2001-09-01,-39.32543564937627,2.8606774871093616,20.02194431409927,8.5219894710844
2001-09-02,-38.79095093195148,3.733440590186048,19.212813253702244,8.903364216508525
2001-09-03,-36.18076948095503,2.431881299640538,20.582860411974114,9.325480742532026
2001-09-04,-34.77640365825237,2.082133635082662,22.901502356037,9.74036316596034
2001-09-05,-35.647061304958484,1.7773882225923874,22.99966745029106,9.3259755346083
2001-09-06,-35.6901689153583,2.5252630591778455,22.525690461002167,10.293225962730002
2001-09-07,-36.196537236911084,2.8560470696540174,22.15381131955928,10.95144398903296
2001-09-08,-36.29535170987636,3.007565924573492,22.819550769153192,10.492543042290158
2001-09-09,-36.46284232893729,4.137959560075284,23.930788966676943,11.675922857787757
2001-09-10,-37.890438918421346,4.057844968930159,24.818543498432412,12.23282049900004
2001-09-11,-37.5225105567087,3.8006054921065973,25.440948373273923,13.148808161453523
2001-09-12,-39.30103714404289,3.4321172322107243,27.05622689306435,12.436471113766954
2001-09-13,-40.07304866998809,2.9341693142461143,26.470419940275924,11.5975868641314
2001-09-14,-41.41920336221909,2.977069678689695,27.23451155391111,11.329108834982689
2001-09-15,-41.85738542074626,1.56664945449031,25.842422496306572,12.494283557424207
2001-09-16,-43.103264920120544,3.197627933903145,25.977972287496385,14.145279529434218
2001-09-17,-43.3621643951062,3.7649489438373815,26.867767649814994,14.411532128433713
2001-09-18,-44.196744577057885,3.5840909988022593,26.127511055315747,12.852019816137526
2001-09-19,-43.96324239633381,3.661600068744295,26.433911764563025,11.592200608506737
2001-09-20,-44.975378847753696,4.408847842824719,24.605987269044377,12.715550762501087
2001-09-21,-46.33486496251603,4.27707003421005,25.044677223750014,12.504793977016082
2001-09-22,-45.12091946824985,5.108614540802248,24.657259464809663,13.034243002967223
2001-09-23,-45.42761405144553,3.2751747783922496,25.289590405926116,12.238066850149798
2001-09-24,-45.53329329974843,4.987057335604545,26.902592315458183,12.928349312968438
2001-09-25,-44.30915088662086,5.250069089334875,25.720751925028615,11.930013456763604
2001-09-26,-44.800825099133284,4.799543207874929,25.28411100825618,11.648257545114845
2001-09-27,-43.22034968015422,7.450551729587919,26.24581792220597,11.40959678369912
2001-09-28,-42.921175505985865,8.175625689002947,28.02674134567934,11.612299997793789
2001-09-29,-42.26265220334506,7.492486155837934,27.957609406212537,12.15353067819467
2001-09-30,-41.59855602639155,6.09194814449299,27.794112421719042,14.217081228282872
2001-10-01,-39.34051200742496,4.3401385521917515,28.82540207525522,12.508229951706312
2001-10-02,-37.55934714644926,4.434636906383144,28.743672373457386,14.346710251427304
2001-10-03,-37.87309672491181,5.759468171561976,28.885215786710326,15.36510172675289
2001-10-04,-38.59079880885887,5.435989620041152,29.136723310963973,17.65349198603595
2001-10-05,-39.26584956036557,6.324453204492448,29.93009349450522,17.38013448785992
2001-10-06,-40.01239532470906,6.629171280784127,31.482406758574648,16.131280777820642
2001-10-07,-39.91363923796454,6.131910332628814,31.04197143148314,15.825453668828603
2001-10-08,-40.54661052930994,6.042985013652013,32.331075191463306,14.848071327076928
2001-10-09,-41.52169295370729,6.766913067488463,33.760752242973,16.269004384164525
2001-10-10,-41.70808227691331,5.94809566856771,32.4427454795642,16.859283416109967
2001-10-11,-41.979695636823166,5.052826541768628,33.06837275056085,16.6805501841743
2001-10-12,-42.297429033581494,4.638487020745163,32.917366510291316,18.132299935957782
2001-10-13,-43.21284637844304,5.914144283027426,33.690336679463975,18.35596946702391
2001-10-14,-44.335139564527566,5.918706189359088,33.29745153646485,18.467133979753125
2001-10-15,-44.62937848057422,6.337548403089357,33.058883786236095,18.966183640224138
2001-10-16,-44.216821834087995,5.8818964062520225,31.18906047406317,19.249997355138717
2001-10-17,-44.367886994244,6.4282903595519905,30.88656871057123,20.227554286920814
2001-10-18,-43.514698941536196,6.097800472262205,30.163352150848468,20.783397999170944
2001-10-19,-45.0105862812217,5.527804201962367,30.231291622768357,19.831304181845514
2001-10-20,-47.07280428676941,4.688066615929312,31.10009522299098,20.537013173976945
2001-10-21,-48.906076027346565,4.669333467194363,32.75903726984515,21.044755943505244
2001-10-22,-48.633789418838546,5.658860647706977,31.948121632232525,21.331256034100875
2001-10-23,-48.06379788998426,6.635070062820737,32.47506897240952,19.8324297882057
2001-10-24,-48.00027701988688,7.299156450680513,34.49216549409475,20.762550034079204
2001-10-25,-46.662090185706184,6.076654178866758,34.12269434093652,21.254359585889087
2001-10-26,-44.8574870304745,7.536080844741567,35.04691290332792,21.51205438782247
2001-10-27,-44.28096319599112,7.7865039555044,34.705223282119384,21.835717579444424
2001-10-28,-43.82449996589444,7.96496784947913,33.82260995143924,20.686954497189895
2001-10-29,-41.187362320209246,8.376920245901788,33.38812061038109,21.79478782569861
2001-10-30,-40.40184024293696,7.714849321490582,33.968833947230934,21.285010718867802
2001-10-31,-38.42732058527382,8.28610912929976,33.58325077470724,20.352490414841025
2001-11-01,-39.09165776873479,7.444317638610648,32.48340994055,20.403895686398002
2001-11-02,-39.110713373154425,8.896044123970523,32.40001339235065,19.523165945244468
2001-11-03,-39.40610777089726,8.462631708800448,32.28169370835163,18.57199330055594
2001-11-04,-38.41813201922098,8.46080571512273,30.905411174357987,18.792044399721604
2001-11-05,-38.606275860085645,7.225697275407057,31.0870242292467,19.71775087585023
2001-11-06,-39.173466935871915,7.869191721620944,31.53733850375472,19.452438962942633
2001-11-07,-38.36268303460055,5.704670190431562,31.19623699248665,19.452579981752237
2001-11-08,-38.16179836567847,7.2690399868369315,33.3010571789382,19.93580281789191
2001-11-09,-38.98842262375566,6.5798314565138964,32.05794743322548,18.78914407518414
2001-11-10,-39.13920095324894,7.475850877808773,32.17103889604625,18.121470412857843
2001-11-11,-38.61536344999492,10.31021471547803,33.254074106791975,17.23180452942039
2001-11-12,-39.44756914226266,10.71123242831424,32.10752419660194,15.698745907434533
2001-11-13,-40.35208041042868,9.161053172148106,31.85747274606828,16.668709620475923
2001-11-14,-40.802391941262854,9.6020480322748,30.558530227728728,14.357718396131338
2001-11-15,-39.905771376509755,11.444922896689713,29.974424949748393,13.993479045347836
2001-11-16,-40.055808030425176,11.750596399045673,29.204190781325824,12.927659663858572
2001-11-17,-40.5252981948244,11.312647597806345,28.288229835845527,13.173081256052694
2001-11-18,-41.203187051809934,10.976801131036787,27.554106215479482,13.282580590374138
2001-11-19,-41.175764276203466,10.352603660283632,27.413801238304213,12.046341643385148
2001-11-20,-41.779609180974475,9.789013808880508,27.084351243526523,13.506737527417153
2001-11-21,-39.29688846552876,9.305593543836725,27.693701091753624,12.626773056872283
2001-11-22,-38.93070177476965,8.727785676257701,27.569616152116655,11.488657846125848
2001-11-23,-40.29270607470885,9.651443762164352,27.11284033206652,11.016207693546763
2001-11-24,-40.832605416329336,8.434887554346053,25.64075013513406,10.987260708227799
2001-11-25,-40.550994817385515,7.867109104800471,24.060724796441782,10.23806016979325
2001-11-26,-40.51235828725581,6.897365085683109,23.78147712646106,8.886765194646758
2001-11-27,-39.93150185516632,5.590834851296641,23.91081244407761,8.114815454485917
2001-11-28,-38.686257193915125,4.436012380346661,23.864317148937353,9.193220470371465
2001-11-29,-37.64610823102298,6.052553379744054,24.756587075060686,10.166612896059906
2001-11-30,-38.87234065505482,6.951367407375564,23.750857187854276,9.888520674394048
2001-12-01,-38.43595888246287,6.927830325677409,24.76071841440893,9.911156722310935
2001-12-02,-37.51164323425593,4.895007735234296,26.32155418122653,9.712174329009178
2001-12-03,-39.6533537949127,5.880305592785124,25.05697381869969,8.806196117878551
2001-12-04,-40.28149672669057,6.675584526254849,24.18499969134069,8.423126518169346
2001-12-05,-39.04462758980616,6.396713267776811,25.295883445967032,8.978382233190288
2001-12-06,-37.99854109919728,8.118252409334128,24.565830782517736,10.221848952205614
2001-12-07,-39.35054954734452,7.854277628891388,23.351346438153083,9.729433653638111
2001-12-08,-40.17802940671296,9.541344865489005,21.582670738326456,9.76316033307446
2001-12-09,-41.01758365470328,9.226134860476838,21.0344627283783,10.24765742036673
2001-12-10,-40.95643395858068,8.729448598766908,21.203975176752152,9.538691472260295
2001-12-11,-42.24952433443047,9.057454465133924,21.417132015323972,9.000856424508987
2001-12-12,-42.02675566355977,9.718214973023736,20.94310654268091,10.220176210233936
2001-12-13,-42.242882943158065,10.336128901438673,20.31573643897011,10.386377905009095
2001-12-14,-41.65474500393885,8.310457861497849,20.301002751992538,9.625976760042736
2001-12-15,-42.19237949775638,7.252441443512359,20.47025628422098,8.279462861798633
2001-12-16,-40.593003378530845,8.714994399571587,20.491867931729114,8.72188244780744
2001-12-17,-40.02533318352875,9.967585013503028,20.957128422564683,9.08951238543739
2001-12-18,-40.35602335767284,12.0078781292855,20.350797523983566,7.604884259767396
2001-12-19,-40.73392490477962,12.350693938539221,19.116478587250576,8.070464550955894
2001-12-20,-41.31000668195428,10.527803441913399,20.359628547644235,7.357619830915135
2001-12-21,-41.6278764254081,10.793530245966743,20.719685223408565,6.276284184467446
2001-12-22,-42.81847158478119,8.733307035625913,20.811022696554566,7.029881428334562
2001-12-23,-42.49501885864132,9.286700846866367,20.401064882954362,6.845287682169285
2001-12-24,-42.17741027608417,9.765797039087042,21.08636409968776,4.419995666513325
2001-12-25,-41.26086407010521,8.815414667260368,22.564449394670962,2.7400036692645475
2001-12-26,-42.004548895498445,6.846734630028472,22.910820166333167,1.5950172391326505
2001-12-27,-42.54361707664411,7.718536076046247,22.8455038976906,0.8028464940830881
2001-12-28,-41.474508372029305,8.931235862437108,20.99256004849263,1.1389952294083465
2001-12-29,-40.83084676333579,8.675908682547922,20.128150266822473,0.7862681249404386
2001-12-30,-41.44410186163724,9.67274917095452,18.78821537359368,1.3144660952535465
2001-12-31,-38.49733332121947,8.832492087985475,19.272634240547347,1.165792476261241
2002-01-01,-39.04549170342311,7.451066015888788,19.58971241013789,-0.5969186616376339
2002-01-02,-39.70239769295377,7.258031298292614,19.078183920836185,-0.04332671777654695
2002-01-03,-41.53847439983561,7.799250648578231,19.991041139111836,2.020809374081383
2002-01-04,-38.14583426263318,7.370879869374994,19.534732094995594,1.0673715995657775
2002-01-05,-37.216625925387696,7.486416453203092,19.93708756407569,0.6154256901927652
2002-01-06,-38.567012010064616,9.190005300919625,19.691822221410625,-0.4277208285099686
2002-01-07,-38.66752509347593,7.463062226646381,21.457044838205388,-1.7647511208020519
2002-01-08,-38.396725500495,8.288929671498769,20.176321255080087,-1.4039628980761814
2002-01-09,-39.35324837057452,8.516078243988535,19.85864245362821,-1.4674388805386387
2002-01-10,-38.95790843656749,8.226703047091092,20.514822547058646,-2.1348618850949457
2002-01-11,-38.09882682324408,9.718239540279411,21.07957534199445,-2.183888910253091
2002-01-12,-37.14091548043393,9.14791561517326,19.395126447313537,-0.5251204418346509
2002-01-13,-37.04199638657027,10.037830089304245,20.430587745107474,1.0608492933049503
2002-01-14,-37.10536477142947,9.442791057059367,22.245657304438883,2.934565613457452
2002-01-15,-35.164351032088675,10.423196570329006,23.409598339169104,0.672513390261813
2002-01-16,-35.98390319625442,10.511584230858258,23.027520507952282,0.8960059877761679
2002-01-17,-37.29687443505807,11.194071417809244,23.433797845416994,1.8892076390777854
2002-01-18,-37.71149582910073,11.204994880415102,22.982722845227144,1.4499092399815323
2002-01-19,-38.09912522451498,11.72411993767979,24.257704236683786,1.3079593531725622
2002-01-20,-38.19069513276598,12.047595690578301,23.44366017284662,1.0796029457098442
2002-01-21,-36.783595898557664,10.225307063487815,22.9845679249627,1.1104180575059843
2002-01-22,-35.95861837531843,10.17499278903757,22.20375173377842,1.909080955873438
2002-01-23,-35.32923003835416,10.17072651134414,20.75780360160165,3.6524948084590383
2002-01-24,-34.50999441925985,10.711841231587877,18.91355077146456,4.603261733455645
2002-01-25,-35.599383191136084,12.34548481142615,20.708766680166757,4.294646002443943
2002-01-26,-35.59935515636804,12.328716464728274,20.79252581295661,4.8449421181748695
2002-01-27,-36.368975026811476,12.290388448070562,21.734695727885125,4.732695224584399
2002-01-28,-37.78949948056961,11.691547362092983,23.018897840264902,4.738098217813724
2002-01-29,-37.4410648198773,12.714430101124353,23.431990503578497,4.974583139958924
2002-01-30,-36.29359728752998,12.700540650121106,22.55564936753083,4.495366426875114
2002-01-31,-36.2229189482724,11.955491370534494,22.178195285401422,3.09628610040886
2002-02-01,-36.05453238239886,11.222039640514286,21.853987365436133,3.5738897165584245
2002-02-02,-36.275781034643956,12.09185442384009,21.271839855258552,2.0617696354773143
2002-02-03,-35.93218095866458,13.276183923056763,21.91404354134904,2.5530277841434597
2002-02-04,-35.22596077797067,14.600286382370452,21.47082814216302,4.381857784136897
2002-02-05,-36.46356895587639,15.90169729170407,20.14459895981623,3.4758179919094316
2002-02-06,-37.24510450204566,13.515836394014991,19.63805379018657,3.2513977312363425
2002-02-07,-36.691346707946146,13.951609653687363,18.49975459613035,3.914483393486951
2002-02-08,-38.46784750712185,13.401992084553708,18.734352223100252,3.5008985559678907
2002-02-09,-37.96763887952949,13.020462650738768,17.370836030555584,2.3322373399038723
2002-02-10,-37.535670434105214,12.24656261599181,16.001519201171057,0.473407457427244
2002-02-11,-37.47781039405098,12.413375545371212,15.765386208225904,-1.0948333182532293
2002-02-12,-36.43102786976763,11.86462255852103,15.807176404814294,0.3141268180359009
2002-02-13,-36.46446146064304,11.526002460854892,15.99203412253206,-0.1434767892834971
2002-02-14,-35.86810293557703,12.648722748347462,15.543316344285824,-1.1485151847014885
2002-02-15,-37.58619737609519,12.347647060684315,14.85697644464254,-0.9400657746680228
2002-02-16,-38.44168699986961,13.490175906529501,15.689061038479068,-1.881713563800049
2002-02-17,-38.486510969635354,13.648751088215324,15.566327179711047,-1.5775235091092454
2002-02-18,-37.9248370278262,11.566634191246457,16.284943180412167,-1.7521112830974308
2002-02-19,-38.86622620388683,10.219349573363525,17.179100862232207,-3.837941326443941
2002-02-20,-40.421778874808794,9.94106840121203,17.163505611997,-3.6279903691999493
2002-02-21,-41.249174141115134,8.041617396505737,16.90677855033729,-3.39446559950211
2002-02-22,-43.45622675868557,8.762319807487769,15.294264660979719,-4.406457816016118
2002-02-23,-43.831012535108506,8.347887335958061,16.863093118443327,-5.699184762525385
2002-02-24,-43.849324643749625,8.185198414055648,16.15415239279812,-5.488958294615811
2002-02-25,-42.89836941939996,9.60859880298895,14.977324350185935,-7.307498159446566
2002-02-26,-42.362620731826674,9.886133716623295,13.07982454464441,-7.589409234126438
2002-02-27,-41.8078227338737,10.736557961182008,12.54482703456382,-7.44636920449334
2002-02-28,-43.659510088926076,12.25694302325177,12.065460466192956,-7.0127407872137475
2002-03-01,-43.52812222019891,12.354156863107113,11.841674432118609,-6.897183140194029
2002-03-02,-44.62216799097564,14.148632720117357,13.298968102268795,-6.2617336741566865
2002-03-03,-44.17224622945891,14.517755588956994,11.054364359612782,-6.117576836258378
2002-03-04,-44.46842265562646,13.98690846277328,11.171192458024574,-7.08179155216634
2002-03-05,-44.368005030543266,13.903842708329984,11.25206365864468,-6.067904852281186
2002-03-06,-42.736539247883094,12.659916612065144,11.043275700223202,-7.1141115137510855
2002-03-07,-43.14241786160476,11.876750878688728,9.816261169684765,-7.945453373543812
2002-03-08,-42.42875148773502,11.189809813497874,8.64200010229224,-8.381141827228014
2002-03-09,-41.364730924872575,11.066627436754972,8.59851196393529,-8.725374147335959
2002-03-10,-41.241370298039044,13.088637353560244,8.428983339493541,-10.389967443016728
2002-03-11,-42.14008241774962,12.980198246817524,7.811543908105652,-10.080780603118345
2002-03-12,-41.85216184737757,12.708183766716962,9.837548831350272,-10.275232402439146
2002-03-13,-42.137737523650316,13.153645949115573,8.681061972446148,-10.814940037939776
2002-03-14,-41.36934070518029,12.393280054374596,7.798140184757567,-11.884301660021288
2002-03-15,-42.50497583856398,13.021229332178036,8.219859160921246,-11.977689019310235
2002-03-16,-43.101097721695574,11.42893662360433,8.42587177903895,-12.776791884542865
2002-03-17,-42.04302233553294,12.574156190026423,9.009895251390656,-13.175012919069237
2002-03-18,-41.12525817027138,11.518774445929193,6.963602274330325,-11.090225378175852
2002-03-19,-42.28867655081937,12.283196400040323,6.171976585655803,-8.842179904855612
2002-03-20,-43.06727352083216,13.934627343291544,5.712385146743579,-9.260188452813395
2002-03-21,-42.8294195053939,14.546158401153548,5.158421826410092,-8.469466469895238
2002-03-22,-43.906455694863865,14.146786657473532,4.925508555032639,-7.3451237475381586
2002-03-23,-44.29528846630765,14.485364670038837,5.108886671910198,-6.037564273149079
2002-03-24,-43.61750322073279,14.75252509885692,5.916839802156561,-6.760281826241506
2002-03-25,-44.0661940025958,14.805757397279415,7.3961714159714305,-7.546494517260543
2002-03-26,-43.634957097486755,15.53275265094595,7.227745385474827,-7.612219935085972
2002-03-27,-44.82838289576482,15.726693058513495,6.764434450395334,-8.697608030117879
2002-03-28,-45.44642604807084,16.507524161017834,7.0685303149703955,-7.0715795278390035
2002-03-29,-44.319222453440965,16.339990820251394,6.592758715907546,-7.892071564582866
2002-03-30,-43.49591663184383,17.390347592897633,5.642967168015642,-8.501475550591037
2002-03-31,-42.86873151375606,16.94639986579139,7.160576176980604,-8.16817068973213
2002-04-01,-42.152517934365605,16.61802355957033,6.30091269014743,-7.630608096062405
2002-04-02,-42.55456711554774,16.436561598122374,6.133818298607036,-7.864393922212783
2002-04-03,-43.44702748252866,16.50330108195051,5.846946940439858,-7.2418135248390065
2002-04-04,-43.941239893665276,16.87200311271363,7.863620511422012,-7.806954534979555
2002-04-05,-46.549678839655535,17.512374735775797,6.930722893971444,-7.955228611240781
2002-04-06,-46.94384011019937,18.837918558557845,7.504324185742425,-7.305465828912875
2002-04-07,-45.79085183066379,21.319425672127082,7.417270484204635,-6.336172218833466
2002-04-08,-45.228969975371676,22.81122885599853,6.911416194937564,-6.551678278957042
2002-04-09,-43.23744553745717,23.162909003627718,7.776181691970024,-8.023758822343794
2002-04-10,-42.80096436363222,23.164245421173085,6.5302884922660756,-8.397508006343067
2002-04-11,-43.532559428759384,23.28042988670623,5.218041761126898,-6.454410404521891
2002-04-12,-43.096130384699435,22.149046794252975,5.310659741739349,-6.376747157320344
2002-04-13,-43.06835522361551,23.94537732521581,5.33514073541321,-5.112068855296084
2002-04-14,-44.84199017612563,24.816526462931265,3.875208945364375,-5.940314578146868
2002-04-15,-45.35011498968696,23.032150440128238,2.5630675176114193,-5.276528399303343
2002-04-16,-44.37827508873942,22.619752093681477,3.9078319525872676,-4.736165616450446
2002-04-17,-44.875168579371945,21.189798813423195,2.3945243983665705,-7.532106138533797
2002-04-18,-44.23516308114707,20.382295338394222,2.266716726993475,-9.476748523934232
2002-04-19,-44.22763872540937,21.45003318115772,1.5749184841568211,-9.549732341926603
2002-04-20,-44.425310189161124,23.112873212921873,2.211552431311757,-8.70887094265902
2002-04-21,-45.041541974458454,22.86296960247599,3.669813913903661,-8.653331398090742
2002-04-22,-45.14251391352508,21.60148152322692,3.3099404636143426,-10.607935776197113
2002-04-23,-45.399304239425994,20.49238213601201,4.715747866749764,-12.190607823408161
2002-04-24,-45.322801338624586,20.89425844338151,4.544695695881499,-12.002872987863912
2002-04-25,-43.830135118573104,19.882478680938377,4.476472996371031,-13.493785564849459
2002-04-26,-45.09786788510106,18.594497362897243,3.7755605359604165,-13.4468905776988
2002-04-27,-45.101756311132526,20.466703956441833,2.9204696871893234,-14.719601965498846
2002-04-28,-44.524189026152754,20.456761228733285,4.6498630956402245,-16.99926589205102
2002-04-29,-44.16088101111303,21.29493612331555,5.4588509709141055,-17.371911810872312
2002-04-30,-42.297488239544954,21.258519862280266,7.496339282279154,-17.79242886348723
2002-05-01,-41.6236946843255,22.855987324470075,10.846571997084759,-16.81859877513738
2002-05-02,-42.74915187450327,23.024829341747843,11.016227067751823,-17.12620999098335
2002-05-03,-45.08430153880306,22.936553682980232,10.078448329337672,-15.643222513578623
2002-05-04,-45.21011252525892,23.08512210408348,10.466025009309835,-16.00481170224863
2002-05-05,-44.90187952233966,21.913615817980865,9.161247976652776,-15.06026447515872
2002-05-06,-44.75025562446089,21.57823489641941,7.633740018826991,-14.591390474324008
2002-05-07,-43.94636147841162,21.718175234223448,6.87400032816013,-14.91431722981666
2002-05-08,-43.53410671635979,22.354604238189594,7.468522516676341,-13.62326245830775
2002-05-09,-43.756393159897776,20.635168212139874,7.10180319603412,-16.36834539917338
2002-05-10,-44.435119288186115,21.116500736399143,7.975392331072753,-16.95162451882516
2002-05-11,-44.28881911925271,19.185642909057982,9.024976317517623,-15.942819749851214
2002-05-12,-44.95141733398892,17.89019139907264,9.673887042387811,-15.299556731184857
2002-05-13,-46.6299011863166,18.992642490646315,10.178341174440382,-15.685833682371136
2002-05-14,-46.99359759242931,18.471782227667166,10.502393745837974,-14.432080358471625
2002-05-15,-44.55565219836726,17.79096925466007,10.48071217428672,-14.666057543407474
2002-05-16,-45.25327764234001,18.26010240199006,11.902236072387568,-14.67941363929731
2002-05-17,-45.414396047177334,17.076543871244677,10.064845617229027,-15.132108429610671
2002-05-18,-46.40795914842139,15.433219051095353,9.616293422041728,-16.90078876906336
2002-05-19,-45.49223152481093,13.97562255610217,9.601061996858288,-17.570749700991165
2002-05-20,-45.930160228636986,14.573665417905785,9.651392757560435,-18.541979584126594
2002-05-21,-47.40534454661705,14.722206470764677,11.320875335067019,-17.26186141358688
2002-05-22,-49.09003726061686,15.485058558328834,11.59378407583872,-17.269147504722323
2002-05-23,-49.09743421398037,14.417869707455614,13.336643823563033,-16.092130920530032
2002-05-24,-50.16388285676446,14.007088518151075,12.575003943414528,-14.457427503313758
2002-05-25,-50.045989976245,16.141435834766014,10.646134917059031,-14.401176150379612
2002-05-26,-51.602502814076765,17.075409136805842,9.617181125770234,-14.828548713376529
2002-05-27,-51.22490645965359,18.659448672938346,9.994421730975674,-15.233489980778256
2002-05-28,-50.53309281730501,18.173482373345518,9.613229485958191,-15.880172691708708
2002-05-29,-49.81953215999495,18.536630595325697,11.747329953036532,-18.714973641539284
2002-05-30,-47.99799126222301,19.14594600197981,12.50720579518761,-18.715696677805123
2002-05-31,-48.799573231256105,20.264878555085854,11.956906243456885,-17.30595913616714
2002-06-01,-49.421700429599134,19.90732351310416,11.993406166479437,-16.619028358149684
2002-06-02,-49.511905853069365,18.751599251683068,12.430755508283648,-18.631154294776803
2002-06-03,-48.77325457834425,19.98073599351841,11.290715233106816,-17.74790260943256
2002-06-04,-49.50288457359632,18.345367562723258,12.472036316471465,-19.619324537712195
2002-06-05,-49.90486263889559,18.34554461180376,11.012340180381978,-18.35364487063
2002-06-06,-48.275238265227536,20.434102130863142,11.621132199847837,-17.007182055970524
2002-06-07,-47.38952210084108,19.98972186308088,10.526429950224085,-17.152216080368532
2002-06-08,-46.91219429604986,20.11902613803203,8.638649280960422,-16.87198391382372
2002-06-09,-46.62712489384739,19.86061040849915,8.602923875067585,-18.182394996477584
2002-06-10,-46.78018665526413,20.73651032939946,7.582483510945313,-19.969586113446592
2002-06-11,-47.37102767374552,19.56124434009054,7.843487297315903,-19.09016109568497
2002-06-12,-48.40511712820635,18.212195193631285,8.091728427735328,-20.028492850840603
2002-06-13,-47.692750764558696,18.871665446121142,8.043044151423725,-21.430368752161137
2002-06-14,-47.6674090384084,17.482455408684,8.996462637041576,-22.88123797336
2002-06-15,-46.97156487584077,16.56519721932436,9.000763301885033,-22.627402531218554
2002-06-16,-47.770288681899686,16.794412002918552,9.437705529024077,-21.843854516712458
2002-06-17,-47.19422555677827,16.061522311572556,10.840693912736835,-21.472573593349505
2002-06-18,-46.75838656891391,17.901533923238105,10.947855868568919,-19.302626149301112
2002-06-19,-47.14903425169949,17.292718989670607,9.665991383518906,-20.080088956276963
2002-06-20,-49.0996270721121,18.839056141211326,9.237938535563782,-20.17400635706818
2002-06-21,-48.886433268919774,17.06934037960368,8.844924018978638,-19.584871544951802
2002-06-22,-48.9667747635411,17.803272366008347,12.083725606709638,-20.495385577242725
2002-06-23,-45.533458418687275,18.634766361383342,13.651999001673119,-19.06026826979954
2002-06-24,-45.06989531658529,17.763461792070025,13.381799859491624,-17.96403867999804
2002-06-25,-46.289806569360415,18.88242069161693,12.912314006314519,-17.1629921343487
2002-06-26,-45.91769479515747,19.682292499110623,13.60581680662374,-18.32433721628393
2002-06-27,-45.318758302496256,20.751177918703426,13.397413222088751,-16.615414262925196
2002-06-28,-45.46108508978708,19.772007096232592,13.182936610704044,-14.97066814172487
2002-06-29,-45.28143967494991,18.36130941103064,12.548005000788512,-16.098297330926616
2002-06-30,-43.60726744169401,17.52948361191794,11.079178614807486,-17.38924487306226
2002-07-01,-43.88504868415143,15.68836930248361,8.611153932887476,-17.97225041695289
2002-07-02,-44.49892993206408,15.964517557340963,9.346814371210533,-18.18560484476747
2002-07-03,-45.28793375083308,16.268003728250324,9.836944746229443,-19.104560378548527
2002-07-04,-43.46885168837123,16.591319061714792,11.148648783824648,-20.938798841297558
2002-07-05,-43.67628729989062,16.611241122750425,10.894112861332664,-21.007026192559778
2002-07-06,-42.04435726971294,17.286465475102656,9.89961540523415,-20.6352870151972
2002-07-07,-43.076554259085164,17.139061200001784,9.60600633821176,-20.412238155322953
2002-07-08,-44.128890437001786,16.56005994084609,8.939611168735317,-19.469762478904478
2002-07-09,-41.87329991741967,15.984968442403163,9.400303199813061,-19.548550305898377
2002-07-10,-41.19943970218308,15.149743704142203,11.164882886779804,-19.366992424756543
2002-07-11,-39.57017589943415,15.895181042462251,11.63312729624515,-19.568490202403197
2002-07-12,-39.07893388456073,14.760366175352333,11.094305550913026,-18.88456225149301
2002-07-13,-38.417139341313366,15.737108491882815,10.154988456189603,-20.112426684681118
2002-07-14,-39.294113910787104,16.393299431852636,12.338540295897378,-19.872505129306507
2002-07-15,-38.54189062063854,16.860699826926087,12.969614955513272,-19.09146382893693
2002-07-16,-39.64834808798674,17.27720365772405,12.140113849159729,-19.442400185053017
2002-07-17,-39.21982723253629,18.10385198569576,13.126344739012868,-20.054552951175932
2002-07-18,-37.421213062746816,17.245454108358093,12.140290456436324,-20.07157385491633
2002-07-19,-37.46746796832011,16.837666672307677,13.333009624802502,-17.68908542024444
2002-07-20,-37.59007665676954,16.54495766256899,12.709755724268934,-19.162466295677202
2002-07-21,-36.89530040086624,16.58206656494903,11.855119389175037,-17.85175092264323
2002-07-22,-38.199054828788285,16.143299953536438,13.362554690434594,-18.814140541724065
2002-07-23,-39.250463439430284,15.248630152731312,12.998811489208942,-19.050802175225495
2002-07-24,-39.24768705495015,15.091781713502765,13.899886488844883,-16.97609432065212
2002-07-25,-38.97526276060846,13.314907408358952,12.344239480987088,-16.295716972917127
2002-07-26,-39.21278491307626,13.377694063765057,13.470812894277726,-16.083805940212674
2002-07-27,-39.14758995523512,14.332940334937074,12.284499363753051,-16.577284901038762
2002-07-28,-40.50335643470061,12.832523333722477,11.965976108628842,-16.54735619746194
2002-07-29,-40.39772921568569,12.444897537706744,11.625901739133656,-15.281999552626521
2002-07-30,-42.20054726503404,11.581639828913975,11.248565664016361,-16.114389454049835
2002-07-31,-40.539997253812864,12.687549576433447,11.286003625295388,-17.464384510968
2002-08-01,-41.91077897267908,14.387359150473264,11.9375163230793,-17.101689525676246
2002-08-02,-41.596969866566496,13.368511460641281,12.705285960012755,-16.32789228179279
2002-08-03,-41.518028774671215,14.190425765469346,11.410280297784242,-17.217512970834086
2002-08-04,-41.20971910215477,12.627615796452181,11.112737190974695,-15.931607209890611
2002-08-05,-41.14797187518725,12.252957521434707,13.008177351592536,-16.730278143512823
2002-08-06,-41.83379050630396,13.344677167521516,14.236893666604809,-17.44491545153323
2002-08-07,-41.179745997600776,12.85216415861088,13.292345265498676,-17.691913873766975
2002-08-08,-40.01995227928328,11.662037901363464,12.52826900668026,-16.800734337649995
2002-08-09,-40.42749623972103,9.7758044086382,12.239498805289335,-16.871958409490343
2002-08-10,-41.75804530115175,8.586749823157415,13.510413206481344,-16.606387131358215
2002-08-11,-40.96163881861867,7.169153497386465,13.903095726722507,-15.911199438962955
2002-08-12,-42.23993725396245,6.7068250885411045,14.627605576874176,-15.286660133388514
2002-08-13,-41.966492162203686,7.173491289727326,15.53112878605751,-14.539925713309584
2002-08-14,-41.71381532506597,7.923842162980326,14.703161337846206,-15.309889353397406
2002-08-15,-41.65992889514243,8.879150629443108,16.70414378954883,-16.13455556982763
2002-08-16,-40.02280129305956,8.50687488995417,17.3441811172868,-17.61100524983769
2002-08-17,-40.28582854262095,7.646997960572781,18.89198767717398,-19.051491365679162
2002-08-18,-40.47033638614955,8.473699045572841,20.229964237349495,-19.558521348500143
2002-08-19,-42.33158812628887,7.54876173452201,18.895538940862526,-20.489387870289967
2002-08-20,-43.01403361064104,4.800895931344483,18.847378310021867,-19.132688505638697
2002-08-21,-42.40817479107089,6.092839504602779,19.316814021855137,-20.907608987681055
2002-08-22,-41.954802029171354,5.190249118068505,20.182178421044078,-20.48024496264008
2002-08-23,-41.74820569331754,4.729797681247699,20.738814960154603,-20.417249423597312
2002-08-24,-42.41769250847187,4.680059136772997,20.08523082252727,-19.93121405090708
2002-08-25,-40.252286711240785,3.1254124938544208,21.37199502496538,-19.6515220932445
2002-08-26,-39.54756960817472,3.837904041128634,23.272560504723227,-21.710097664528767
2002-08-27,-39.32912011032536,3.056054770546372,23.832526910557995,-22.81590764362373
2002-08-28,-39.04692446592103,1.2004676973710078,25.359656891017238,-21.89211617818507
2002-08-29,-37.775070791026444,-0.06175465152718718,25.780520715790786,-22.546695339915765
2002-08-30,-39.61835269708282,-1.828999372058628,25.921163820685905,-21.633474930120606
2002-08-31,-40.087337329645045,-1.2735910038797693,28.463078964822973,-21.37444839508048
2002-09-01,-40.20832409619915,-0.9013351040196695,29.526942489925627,-20.32647630944188
2002-09-02,-39.399756713733886,-0.0056533954693956945,30.43981081441027,-19.69327213432413
2002-09-03,-38.76356581571932,0.7431842754364404,32.16532955301103,-17.902617148525383
2002-09-04,-37.042409348536594,0.454103196761601,32.59757540633067,-18.850246738502843
2002-09-05,-38.08799061338225,-1.0905315832192592,32.35627800797629,-18.57835970961804
2002-09-06,-37.67024585559463,-0.6737717822647006,31.049469765410258,-18.625602821306078
2002-09-07,-37.777359539162106,-1.4042610957672652,31.27078194437902,-18.93962777025675
2002-09-08,-37.754446354242084,-1.2478369744681665,31.07614358642204,-18.998143805478627
2002-09-09,-37.35639634744597,-1.5890183468129868,32.270803277834865,-18.187044828290215
2002-09-10,-37.94314763831505,-2.3085837861265497,32.185855049230724,-17.741582650175303
2002-09-11,-36.84506282960981,-1.8761636113142028,33.502653307690956,-19.465379382610386
2002-09-12,-35.52399431736835,-1.8630000267929658,32.79854954120695,-18.923315469380015
2002-09-13,-37.443116488897275,0.8980032375441878,33.51536394035193,-19.475408449860325
2002-09-14,-38.44712520166849,2.4168422994835583,34.21230939322652,-19.70595907521737
2002-09-15,-37.946466707138214,1.4246612086834656,33.83568089127579,-20.043191371562532
2002-09-16,-37.044606755412424,1.4060584880613456,32.881997420268014,-20.576615785587553
2002-09-17,-37.46868460136586,1.9903341271441848,32.42553020132673,-21.135179340446975
2002-09-18,-38.07738895920809,2.8338298020589394,32.05413928021534,-20.30967444648225
2002-09-19,-39.26275445390792,4.83117182752828,31.90500321947315,-20.776812569031
2002-09-20,-39.87661266625103,5.2050624995854085,32.38144591201044,-20.827541223334702
2002-09-21,-39.03399272034116,3.860287008408709,32.87450034714306,-20.258017163537172
2002-09-22,-39.140159264960026,4.79220449794332,33.65786990718183,-20.96358204068205
2002-09-23,-39.159512696886814,3.6241608899301365,35.382944612253105,-20.873734718937904
2002-09-24,-38.86649636382551,2.572066043358856,35.59803165927464,-20.254547868024165
2002-09-25,-36.81880688136936,2.980732707267766,35.86828963950634,-21.08711989122733
2002-09-26,-36.61339072595685,2.2720806393239172,36.00111692322186,-21.40980498146143
